type,city,zip,price,beds,baths,sqft,lot,year,price_per_sqft
Multi-Family (2-4 Unit),Burlington,5408,500000,6,3,2800,8712,1968,179
Multi-Family (2-4 Unit),Burlington,5401,575000,4,2,2234,7187,1935,257
Single Family Residential,Burlington,5401,510000,5,2,1703,10454,1950,299
Condo/Co-op,Burlington,5401,825000,7,6,,,1899,
Condo/Co-op,Burlington,5401,216000,2,1,768,,1981,281
Single Family Residential,Burlington,5401,850000,3,2,1270,8276,1915,669
Condo/Co-op,Burlington,5408,600000,2,2,1400,,1986,429
Single Family Residential,Burlington,5401,450000,2,0.5,1292,31363,1972,348
Townhouse,Burlington,5401,589000,2,2.5,1716,,1990,343
Single Family Residential,Burlington,5408,625000,3,2,2137,10890,1960,292
Multi-Family (5+ Unit),Burlington,5401,1515000,20,0.5,7513,31711,1900,202
Condo/Co-op,Burlington,5401,240000,2,1,1000,,1992,240
Multi-Family (5+ Unit),Burlington,5401,1000000,,,9900,2613,1915,101
Condo/Co-op,Burlington,5401,305000,2,1,1080,,1899,282
Condo/Co-op,Burlington,5408,557500,2,2,1400,,1986,398
Single Family Residential,Burlington,5408,310000,4,1,1296,8712,1971,239
Condo/Co-op,Burlington,5401,349000,3,1,849,,1900,411
Condo/Co-op,Burlington,5401,203718,2,1,820,,1992,248
Townhouse,Burlington,5401,257500,3,2,1600,,1993,161
Multi-Family (2-4 Unit),Burlington,5401,455000,,,2048,3920,1989,222
Single Family Residential,Burlington,5408,280000,4,2,1344,11761,1954,208
Multi-Family (2-4 Unit),Burlington,5401,495000,4,4,2816,9234,1927,176
Condo/Co-op,Burlington,5408,570000,2,2,1398,,1986,408
Condo/Co-op,Burlington,5408,320000,2,1,1104,,1992,290
Mobile/Manufactured Home,Burlington,5408,300000,2,2,924,46609,1974,325
Single Family Residential,Burlington,5401,1650000,3,2,3267,27442,1931,505
Condo/Co-op,Burlington,5401,1980000,10,7,,,1899,
Condo/Co-op,Burlington,5401,270000,2,1,1000,,1992,270
Multi-Family (2-4 Unit),Burlington,5401,460000,3,1,1828,1306,1915,252
Single Family Residential,Burlington,5401,735000,4,3,2632,5663,1915,279
Condo/Co-op,Burlington,5408,345000,2,2,1344,,2002,257
Single Family Residential,Burlington,5401,530000,4,3,2851,3485,1899,186
Single Family Residential,Burlington,5408,411000,2,2,1498,22651,1935,274
Single Family Residential,Burlington,5408,555000,2,2,1968,7840,1952,282
Condo/Co-op,Burlington,5401,282000,1,1,533,,2014,529
Townhouse,Burlington,5408,535000,2,2.5,1400,,1986,382
Condo/Co-op,Burlington,5408,475000,2,2.5,1868,,1988,254
Single Family Residential,Burlington,5401,204900,3,1,1492,13068,1919,137
Condo/Co-op,Burlington,5401,283500,1,1,641,,2014,442
Single Family Residential,Burlington,5401,300000,4,2,2814,33541,1953,107
Multi-Family (2-4 Unit),Burlington,5401,1050000,10,4,3888,7013,1910,270
Single Family Residential,Burlington,5401,385000,3,2,1078,5227,1899,357
Multi-Family (2-4 Unit),Burlington,5401,420000,4,4,2458,3920,1920,171
Single Family Residential,Burlington,5401,475000,1,1,1151,13068,1899,413
Condo/Co-op,Burlington,5401,650000,3,2.5,2558,,1988,254
Single Family Residential,Burlington,5408,595000,4,1.5,1600,16117,1960,372
Townhouse,Burlington,5408,610000,3,2,1694,,2007,360
Townhouse,Burlington,5401,435000,3,1,1134,,1899,384
Multi-Family (2-4 Unit),Burlington,5401,500000,6,4,3550,5967,1925,141
Multi-Family (2-4 Unit),Burlington,5401,461250,,,1512,3920,1905,305
Single Family Residential,Burlington,5401,735000,7,4,3418,4356,1899,215
Condo/Co-op,South Burlington,5403,430000,3,1.5,1392,,1993,309
Condo/Co-op,Burlington,5401,729500,3,2.5,2798,,1990,261
Single Family Residential,Burlington,5408,287000,3,2,936,11326,1956,307
Condo/Co-op,Burlington,5401,440000,2,1.5,1489,,1989,296
Single Family Residential,Burlington,5401,555000,2,1.5,1600,11325,1960,347
Single Family Residential,Burlington,5408,900000,3,3,2210,29185,2011,407
Multi-Family (2-4 Unit),Burlington,5401,800000,8,2,3763,4573,1925,213
Multi-Family (2-4 Unit),Burlington,5401,540000,,,2575,4356,1905,210
Multi-Family (5+ Unit),Burlington,5401,620000,7,6,3949,3746,1900,157
Condo/Co-op,Burlington,5401,251300,1,1,640,,1985,393
Condo/Co-op,Burlington,5401,412500,2,2,960,,1980,430
Condo/Co-op,Burlington,5408,312000,2,1,1080,,1992,289
Single Family Residential,Burlington,5408,748800,4,3,3010,13939,1993,249
Townhouse,Burlington,5408,290000,2,1,928,,1987,313
Multi-Family (5+ Unit),Burlington,5401,2050000,10,14,7810,6708,1935,262
Condo/Co-op,Burlington,5401,1350000,2,2,1522,,1997,887
Single Family Residential,Burlington,5408,725000,3,2,1958,11761,1956,370
Multi-Family (2-4 Unit),Burlington,5401,623000,4,2,2400,17859,1910,260
Townhouse,Burlington,5401,729500,3,2.5,2800,,1990,261
Single Family Residential,Burlington,5401,510000,3,2,1479,5227,1920,345
Single Family Residential,South Burlington,5403,525000,3,2.5,2016,10019,2003,260
Single Family Residential,Burlington,5408,685000,3,3,2431,9147,2010,282
Single Family Residential,Burlington,5401,1200000,3,2.5,2706,25264,1969,443
Townhouse,Burlington,5408,640000,3,2.5,1858,,1986,344
Townhouse,Burlington,5408,325000,2,1,1030,,1991,316
Townhouse,Burlington,5408,475000,3,2.5,2140,,1988,222
Single Family Residential,Burlington,5408,365000,2,1,996,7840,1956,366
Condo/Co-op,Burlington,5401,512000,2,2,994,,2014,515
Single Family Residential,Burlington,5401,479000,4,1,1484,5227,1899,323
Condo/Co-op,Burlington,5401,479000,2,2,1706,,2003,281
Condo/Co-op,Burlington,5401,750000,2,2,1456,,2006,515
Condo/Co-op,Burlington,5401,235000,2,1,820,,1991,287
Condo/Co-op,Burlington,5408,590000,2,2,2336,,2002,253
Single Family Residential,Burlington,5408,505000,3,1.5,1766,9583,1977,286
Single Family Residential,Burlington,5401,735000,3,1.5,1755,7840,1921,419
Single Family Residential,Burlington,5408,470000,2,1,1088,7841,1952,432
Single Family Residential,Burlington,5408,459000,2,2,1816,6969,1954,253
Townhouse,Burlington,5401,650000,2,1,1288,,1995,505
Townhouse,Burlington,5408,600000,2,2.5,1400,,1986,429
Single Family Residential,Burlington,5401,376000,2,1,1008,8712,1970,373
Townhouse,Burlington,5408,450000,3,2.5,1800,,1988,250
Single Family Residential,Burlington,5401,1250000,4,2,2230,17424,1919,561
Condo/Co-op,Burlington,5401,450000,2,2,1090,,2014,413
Condo/Co-op,Burlington,5401,240000,2,1,820,,1992,293
Condo/Co-op,Burlington,5401,351000,2,1,896,,1993,392
Single Family Residential,Burlington,5408,375000,3,1,864,8276,1971,434
Condo/Co-op,Burlington,5401,575000,2,2,1446,,1982,398
Single Family Residential,South Burlington,5403,452000,3,2.5,2162,11325,1959,209
Condo/Co-op,Burlington,5401,335000,3,1,1197,,1899,280
Townhouse,Burlington,5401,590000,2,2.5,1789,,1989,330
Single Family Residential,South Burlington,5403,442000,4,2,1558,6969,1954,284
Townhouse,Burlington,5408,500000,2,2,1217,,1991,411
Single Family Residential,Burlington,5408,355000,2,1,1868,8276,1957,190
Single Family Residential,Burlington,5408,359000,3,1,1605,8276,1954,224
Single Family Residential,Burlington,5408,725000,3,3,1886,13503,2016,384
Single Family Residential,Burlington,5401,702000,3,2,1710,3049,1899,411
Single Family Residential,Burlington,5408,641000,4,2.5,2184,10018,1969,293
Single Family Residential,Burlington,5408,325000,3,1,1034,5227,1960,314
Single Family Residential,Burlington,5401,720001,5,4.5,3165,7405,2016,227
Condo/Co-op,Burlington,5401,625000,2,2,1085,,2006,576
Single Family Residential,Burlington,5401,503000,3,2.5,1080,9583,1960,466
Condo/Co-op,Burlington,5401,385000,2,1,1204,,1979,320
Single Family Residential,Burlington,5401,425000,2,1,800,10890,1950,531
Multi-Family (2-4 Unit),Burlington,5401,504500,4,2,1405,2613,1899,359
Single Family Residential,Burlington,5408,425000,3,2,1232,7405,1966,345
Single Family Residential,Burlington,5408,425000,2,1.5,2088,7405,1973,204
Single Family Residential,Burlington,5408,440000,4,1.5,1210,9583,1953,364
Single Family Residential,Burlington,5401,653000,3,2.5,2036,10890,1970,321
Condo/Co-op,Burlington,5401,374000,2,2,1444,,2003,259
Condo/Co-op,Burlington,5408,499000,2,2,1227,,1991,407
Condo/Co-op,Winooski,5404,625000,2,2,1521,,2008,411
Condo/Co-op,Burlington,5408,500000,2,2,1229,,1991,407
Single Family Residential,Burlington,5408,550000,3,2,1530,7840,1940,359
Condo/Co-op,Burlington,5401,210500,1,1,510,,1910,413
Single Family Residential,Burlington,5408,335000,2,1,1228,7840,1971,273
Single Family Residential,Burlington,5408,415000,2,2,1500,9147,1940,277
Single Family Residential,Burlington,5401,556000,4,2,1456,9147,1948,382
Condo/Co-op,Burlington,5401,360000,2,2,1344,,2003,268
Single Family Residential,Burlington,5408,675000,4,2.5,2114,21344,1972,319
Single Family Residential,Burlington,5408,575000,3,2,1820,10018,1991,316
Single Family Residential,Burlington,5401,759000,3,2,1772,14374,1954,428
Single Family Residential,Burlington,5401,662000,4,2,1585,3484,1947,418
Condo/Co-op,Burlington,5401,240000,2,1,820,,1992,293
Single Family Residential,Burlington,5401,469000,3,2.5,1560,4791,1935,301
Single Family Residential,Burlington,5408,750000,4,2.5,2265,19166,1960,331
Condo/Co-op,Burlington,5401,1500000,2,2,1522,,1997,986
Condo/Co-op,Burlington,5401,275000,2,1,820,,1992,335
Single Family Residential,Burlington,5401,712500,3,2,2455,10018,1951,290
Townhouse,Burlington,5401,605000,2,2.5,1716,,1990,353
Condo/Co-op,Burlington,5401,275000,3,1,1080,,1994,255
Single Family Residential,Burlington,5401,480000,2,1,1154,2178,1920,416
Single Family Residential,Burlington,5401,549900,3,2,1752,6969,1960,314
Condo/Co-op,Burlington,5401,405000,2,2,1498,,2003,270
Single Family Residential,Burlington,5408,336000,2,1,738,9583,1950,455
Townhouse,Burlington,5401,515000,3,2,1899,,1992,271
Single Family Residential,Burlington,5401,610000,4,2,1896,4356,1922,322
Townhouse,Burlington,5401,425000,2,1,1114,,1979,382
Single Family Residential,Burlington,5408,705000,4,2.5,1840,9583,1966,383
Townhouse,Burlington,5401,321600,3,1.5,1241,,1880,259
Townhouse,Burlington,5401,400000,2,2.5,1444,,1983,277
Single Family Residential,Burlington,5401,565000,2,2,1266,7405,1940,446
Townhouse,Burlington,5408,355000,3,1.5,1932,,1990,184
Condo/Co-op,Burlington,5401,252000,2,1,864,,2007,292
Single Family Residential,Burlington,5408,665000,4,2.5,1976,10018,1962,337
Townhouse,Burlington,5408,435000,3,2.5,1852,,2019,235
Single Family Residential,Burlington,5408,435000,2,1,1138,10890,1954,382
Townhouse,Burlington,5401,500000,2,2,1776,,1995,282
Single Family Residential,Burlington,5401,550000,3,2,1320,6969,1960,417
Multi-Family (2-4 Unit),Burlington,5401,550000,4,2,2793,6098,1899,197
Single Family Residential,South Burlington,5403,483675,3,2,1932,10454,1977,250
Single Family Residential,Burlington,5401,379000,3,2,923,8712,1899,411
Single Family Residential,Burlington,5401,534000,3,1.5,1295,3484,1938,412
Single Family Residential,Burlington,5401,685000,3,1.5,2188,5662,1925,313
Condo/Co-op,Burlington,5408,355000,2,1,1030,,1991,345
Single Family Residential,Burlington,5408,447000,3,1.5,1428,13503,1948,313
Single Family Residential,Burlington,5401,620000,3,1.5,1359,5662,1910,456
Condo/Co-op,Winooski,5404,400000,1,1.5,952,,2008,420
Townhouse,Burlington,5401,251300,1,1,640,,1985,393
Townhouse,Burlington,5401,405000,2,2.5,1304,,1981,311
Multi-Family (2-4 Unit),Burlington,5401,850000,8,2,3895,4791,1920,218
Condo/Co-op,Burlington,5401,890000,2,2,1622,,1982,549
Single Family Residential,Burlington,5401,480000,4,1.5,1594,3484,1925,301
Single Family Residential,Burlington,5401,405000,3,1.5,960,8276,1969,422
Single Family Residential,Burlington,5408,550000,3,2,1584,9583,1967,347
Single Family Residential,Burlington,5408,519900,4,2,2186,11761,1965,238
Condo/Co-op,Burlington,5401,279000,2,1.5,996,,1925,280
Multi-Family (2-4 Unit),Burlington,5401,550000,3,2,1640,9583,1899,335
Townhouse,Burlington,5408,306000,2,1,1024,,1991,299
Condo/Co-op,Burlington,5401,310000,2,1,700,,1928,443
Townhouse,Burlington,5408,494000,6,2,2000,11325,1970,247
Single Family Residential,Burlington,5401,533000,3,1.5,1842,6316,1935,289
Condo/Co-op,Burlington,5401,260000,1,1,660,,1910,394
Condo/Co-op,Burlington,5401,310000,2,1,738,,1983,420
Condo/Co-op,Burlington,5401,1500000,2,1.5,1707,,1997,879
Single Family Residential,Burlington,5401,800000,4,2.5,2448,18295,1973,327
Townhouse,Burlington,5401,430000,3,1.5,1579,,1993,272
Multi-Family (2-4 Unit),Burlington,5401,565000,4,2,2036,4791,1894,278
Multi-Family (2-4 Unit),Burlington,5401,675000,4,3,1836,6098,1915,368
Condo/Co-op,Burlington,5401,409000,2,2,960,,1980,426
Single Family Residential,Burlington,5408,430000,4,2,1824,7405,1979,236
Single Family Residential,Burlington,5408,385000,3,1,1756,7840,1952,219
Condo/Co-op,Burlington,5401,285000,2,1,835,,1925,341
Townhouse,Winooski,5404,335000,2,1,1129,108900,1985,297
Multi-Family (2-4 Unit),Burlington,5401,257250,4,2,2411,6098,1921,107
Townhouse,Burlington,5401,880758,3,2.5,1766,,1982,499
Single Family Residential,Burlington,5408,630000,3,1.5,1741,14810,1957,362
Multi-Family (2-4 Unit),Burlington,5401,530000,4,2,2100,4356,1899,252
Single Family Residential,Burlington,5401,620000,2,2,1489,6098,1945,416
Single Family Residential,Burlington,5401,780500,4,3,2314,6534,1930,337
Multi-Family (2-4 Unit),Burlington,5401,632500,6,3,3272,6703,1920,193
Condo/Co-op,Burlington,5401,605000,2,2.5,1716,,1990,353
Multi-Family (2-4 Unit),Burlington,5401,250000,,,,1306,1899,
Single Family Residential,Burlington,5408,610000,4,3,2608,14810,1962,234
Townhouse,Burlington,5408,355000,2,2,1236,,1988,287
Condo/Co-op,Burlington,5401,871000,3,2,1396,,1995,624
Condo/Co-op,Burlington,5401,375000,2,1,650,,1993,577
Single Family Residential,Burlington,5401,860000,4,1.5,2074,9583,1910,415
Single Family Residential,Burlington,5401,517500,4,1.5,1989,9583,1968,260
Townhouse,Burlington,5401,415000,2,1,1114,,1979,373
Condo/Co-op,Burlington,5401,240000,2,1,1000,,1992,240
Single Family Residential,Burlington,5401,535000,3,2,1358,4356,1899,394
Single Family Residential,Burlington,5401,587000,2,1,1860,7840,1964,316
Condo/Co-op,Burlington,5401,499000,2,2,1252,,2006,399
Townhouse,Burlington,5408,427500,3,2.5,1852,14374,2019,231
Single Family Residential,Burlington,5408,450000,3,2,1820,8712,1977,247
Single Family Residential,Burlington,5401,588000,3,2,1523,11325,1954,386
Townhouse,Burlington,5401,600000,4,2.5,2238,1742,1903,268
Townhouse,Burlington,5401,301000,2,1,1000,,1992,301
Single Family Residential,Burlington,5408,426600,4,2,2048,6098,1959,208
Single Family Residential,Burlington,5408,465000,3,1,1408,10454,1952,330
Single Family Residential,Burlington,5401,455000,4,1,1304,6969,1932,349
Townhouse,Burlington,5408,466000,2,2.5,1676,,1990,278
Single Family Residential,Burlington,5401,307500,3,1,1008,6969,1956,305
Single Family Residential,Burlington,5401,785000,4,2,2195,4356,1910,358
Single Family Residential,Burlington,5401,528250,2,1.5,1260,5662,1899,419
Townhouse,Burlington,5408,355000,2,1,1030,,1991,345
Single Family Residential,Burlington,5408,427500,3,1,864,8712,1955,495
Single Family Residential,Burlington,5408,550000,3,2.5,1656,11325,1950,332
Single Family Residential,Burlington,5401,631500,3,2,1334,7405,1935,473
Single Family Residential,Burlington,5408,360000,4,1,1528,6969,1970,236
Condo/Co-op,Burlington,5401,233500,2,1,820,,1992,285
Single Family Residential,South Burlington,5403,366000,2,2,1422,10454,1955,257
Condo/Co-op,Burlington,5401,400000,2,2,1498,,2003,267
Multi-Family (2-4 Unit),Burlington,5401,545000,4,4,1902,2047,1920,287
Condo/Co-op,Burlington,5401,480000,2,2,1706,,2003,281
Single Family Residential,Burlington,5401,765000,3,1.5,1688,4356,1938,453
Townhouse,Burlington,5401,1024000,2,3,2080,,1987,492
Condo/Co-op,Burlington,5401,601000,3,2,1822,,1978,330
Condo/Co-op,Burlington,5401,408000,2,2,968,,1980,421
Condo/Co-op,Burlington,5408,354000,2,2,1344,,2002,263
Single Family Residential,Burlington,5408,361900,3,1,928,8276,1950,390
Mobile/Manufactured Home,Burlington,5401,76000,2,1,672,,2020,113
Single Family Residential,Burlington,5401,550000,3,1.5,1272,7405,1930,432
Single Family Residential,Burlington,5401,730000,4,2,1848,9583,1942,395
Single Family Residential,South Burlington,5403,885000,3,2,2032,14810,1960,436
Condo/Co-op,Burlington,5401,455000,2,2,1045,,2007,435
Single Family Residential,Burlington,5408,412000,3,1,950,11325,1953,434
Multi-Family (2-4 Unit),Burlington,5401,735000,4,1,2272,6098,1899,324
Condo/Co-op,Burlington,5401,377000,2,1,921,,2007,409
Single Family Residential,Burlington,5401,665000,4,2.5,2200,3049,1899,302
Single Family Residential,Burlington,5408,480000,3,1.5,1424,12632,1976,337
Townhouse,Burlington,5401,240000,1,1,640,,1985,375
Condo/Co-op,Burlington,5401,1060000,2,2,1456,10890,2006,728
Multi-Family (2-4 Unit),Burlington,5401,183585,4,2,1782,13068,1899,103
Townhouse,Burlington,5401,401000,3,2,1378,,1969,291
Single Family Residential,Burlington,5408,410000,4,1.5,1370,6969,1950,299
Multi-Family (2-4 Unit),Burlington,5401,500000,5,3,2288,3049,1899,219
Townhouse,Burlington,5401,572000,3,1.5,2072,,1899,276
Townhouse,Burlington,5408,603251,2,1.5,1400,,1986,431
Single Family Residential,Burlington,5408,500000,3,2,1708,10018,1949,293
Single Family Residential,Burlington,5408,671000,4,1.5,2980,12632,1958,225
Single Family Residential,Burlington,5401,622000,3,2.5,1460,2918,1938,426
Single Family Residential,Burlington,5408,380000,2,1,1728,11325,1972,220
Condo/Co-op,Burlington,5401,400000,2,2,1860,,1981,215
Single Family Residential,Burlington,5408,360000,3,1.5,1546,6969,1996,233
Condo/Co-op,Burlington,5401,345000,2,2,1344,,2003,257
Multi-Family (2-4 Unit),Burlington,5401,415000,,2,1552,5270,1910,267
Single Family Residential,Burlington,5401,530000,5,3,1924,6098,1899,275
Multi-Family (2-4 Unit),Burlington,5401,451000,3,2,1940,10846,1926,232
Single Family Residential,Burlington,5401,825000,4,1.5,1754,3999,1905,470
Townhouse,Burlington,5401,316000,3,1.5,1296,,2001,244
Townhouse,Burlington,5401,650000,3,2.5,2460,,1988,264
Multi-Family (2-4 Unit),Burlington,5401,655000,5,3,2736,3571,1899,239
Single Family Residential,Burlington,5401,606000,4,1.5,1728,4791,1902,351
Condo/Co-op,Burlington,5408,466665,2,1.5,1260,,1988,370
Single Family Residential,Burlington,5401,535000,2,2,1660,10018,1930,322
Single Family Residential,Burlington,5401,315000,2,1.5,1106,3876,1899,285
Condo/Co-op,Burlington,5401,250000,1,1,580,,1980,431
Townhouse,Burlington,5401,399000,2,1.5,1220,,1981,327
Multi-Family (2-4 Unit),Burlington,5401,568500,5,3,2491,6098,1915,228
Single Family Residential,Burlington,5408,820000,3,2.5,2961,23522,1977,277
Single Family Residential,Burlington,5408,348000,3,1,988,7841,1965,352
Single Family Residential,Burlington,5401,615000,3,2.5,2215,17424,1953,278
Townhouse,Burlington,5408,575000,2,2.5,1400,,1986,411
Single Family Residential,South Burlington,5403,510000,3,1.5,1200,8276,1955,425
Single Family Residential,Burlington,5401,445000,2,1,784,6969,1953,568
Single Family Residential,Burlington,5401,750000,4,2,1962,5662,1920,382
Condo/Co-op,Burlington,5401,1350000,2,2,1522,,1997,887
Townhouse,Burlington,5408,409000,2,2.5,1760,,1988,232
Multi-Family (2-4 Unit),Burlington,5401,515000,5,2,2580,4181,1899,200
Multi-Family (2-4 Unit),Burlington,5401,526500,4,2,1670,12196,1950,315
Single Family Residential,Burlington,5401,436000,4,2,3641,20473,1935,120
Single Family Residential,Burlington,5408,400000,2,1,975,14157,1953,410
Condo/Co-op,Burlington,5401,290000,2,1,900,2613,1899,322
Single Family Residential,Burlington,5408,800000,4,3,3133,11761,1966,255
Condo/Co-op,Burlington,5401,540000,2,2,1099,,2014,491
Single Family Residential,Burlington,5408,370000,3,1,1328,8712,1952,279
Single Family Residential,Burlington,5401,565000,3,2,2226,6969,1915,254
Single Family Residential,Burlington,5401,515000,5,2,2142,6098,1900,240
Condo/Co-op,Winooski,5404,440000,2,2,1118,,2008,394
Single Family Residential,Burlington,5408,465000,3,2,1891,11325,1985,246
Multi-Family (2-4 Unit),Burlington,5401,705987,6,3,3264,7405,1950,216
Condo/Co-op,Burlington,5401,207500,1,1,496,,1900,418
Multi-Family (2-4 Unit),Burlington,5401,560000,4,2,1928,39204,1941,290
Condo/Co-op,Burlington,5408,369000,2,2,1376,,2002,268
Townhouse,Burlington,5401,345000,2,1,1203,,1910,287
Condo/Co-op,Burlington,5401,667000,2,1,1578,,1997,423
Single Family Residential,South Burlington,5403,450000,3,1,1242,7405,1951,362
Single Family Residential,Burlington,5408,702000,4,2.5,2600,12196,1967,270
Townhouse,Burlington,5408,320000,2,1,1104,,1992,290
Multi-Family (2-4 Unit),Burlington,5401,625000,5,3,2057,1306,1920,304
Vacant Land,Burlington,5408,204000,,,,33541,,
Single Family Residential,Burlington,5408,680000,4,3.5,2578,9583,1965,264
Single Family Residential,Burlington,5401,161500,3,2,1421,5227,1899,114
Single Family Residential,Burlington,5408,655000,4,3.5,3099,16988,2003,211
Single Family Residential,Burlington,5408,760000,4,3,2781,11761,1959,273
Townhouse,Burlington,5401,380000,3,1.5,1392,,1993,273
Single Family Residential,South Burlington,5403,400000,3,1.5,1280,12632,1940,313
Single Family Residential,Burlington,5401,522500,4,2.5,2195,21780,1988,238
Townhouse,Burlington,5408,312000,2,1,1080,,1992,289
Single Family Residential,Burlington,5401,314000,2,1,1473,5662,1899,213
Single Family Residential,Burlington,5401,364900,3,1,1164,5662,1899,313
Single Family Residential,Burlington,5401,330000,3,1,1180,,1904,280
Single Family Residential,Burlington,5401,630000,3,3,1692,4356,1896,372
Single Family Residential,Burlington,5408,325000,2,1.5,1630,7405,1955,199
Single Family Residential,Burlington,5408,337000,5,2,1832,7840,1968,184
Single Family Residential,Burlington,5408,295500,3,1,864,9147,1972,342
Multi-Family (2-4 Unit),Burlington,5401,442000,2,2,1226,3789,1899,361
Multi-Family (2-4 Unit),Burlington,5408,505000,6,2,2080,9147,1970,243
Townhouse,Burlington,5401,473000,3,2,1680,,1993,282
Single Family Residential,Burlington,5401,380000,2,1,1548,10890,1971,245
Single Family Residential,Burlington,5401,500000,4,2,1605,6577,1899,312
Townhouse,Burlington,5401,390000,2,2.5,1510,,1981,258
Multi-Family (2-4 Unit),Burlington,5401,735000,9,3,3006,7405,1910,245
Condo/Co-op,Burlington,5401,241500,1,1,572,,1976,422
Multi-Family (2-4 Unit),Burlington,5408,600000,5,2,2734,12196,1950,219
Townhouse,Burlington,5401,440000,2,1.5,1489,,1989,296
Single Family Residential,Burlington,5408,435000,3,1.5,1292,6098,1954,337
Single Family Residential,Burlington,5401,725000,4,3.5,3378,17859,1970,215
Multi-Family (2-4 Unit),Burlington,5401,885000,9,3.5,3136,21780,1927,282
Single Family Residential,South Burlington,5403,735000,4,2.5,2238,21780,1948,328
Condo/Co-op,Burlington,5401,306000,1,1,553,,1900,553
Single Family Residential,Burlington,5401,277200,2,1,1077,5662,1899,257
Single Family Residential,Burlington,5401,850000,4,3,3785,23958,1970,225
Townhouse,Burlington,5401,445000,3,2,1899,,1992,234
Multi-Family (2-4 Unit),Burlington,5401,625000,6,2,2994,20037,1927,209
Single Family Residential,Burlington,5408,410000,4,2,1356,7405,1954,302
Single Family Residential,Burlington,5401,1799000,2,3.5,3324,1742,2015,541
Multi-Family (2-4 Unit),Burlington,5401,430000,3,2,1488,3484,1920,289
Condo/Co-op,Washington,20002,415000,1,1,659,,1927,630
Townhouse,Washington,20002,615000,2,2,1102,1600,1940,558
Townhouse,Washington,20009,1400000,4,3.5,3029,2844,1917,462
Condo/Co-op,Washington,20009,735000,2,2,1263,,2002,582
Condo/Co-op,Washington,20002,289000,2,2,650,,1942,445
Condo/Co-op,Washington,20001,399900,1,1,752,,2007,532
Townhouse,Washington,20001,675000,3,2,1104,1344,1926,611
Townhouse,Washington,20011,575000,3,2,1382,2124,1911,416
Townhouse,Washington,20012,380000,3,1,1024,1980,1950,371
Condo/Co-op,Washington,20009,460000,1,1,775,,2000,594
Condo/Co-op,Washington,20009,795000,2,2.5,1084,,2007,733
Condo/Co-op,Washington,20009,235000,0,1,412,,1962,570
Condo/Co-op,Washington,20036,230000,1,1,518,,1891,444
Condo/Co-op,Washington,20005,730000,2,2,965,,2008,756
Condo/Co-op,Washington,20008,241000,0,1,463,,1963,521
Townhouse,Washington,20017,470000,3,1.5,1584,2551,1947,297
Townhouse,Washington,20019,342500,2,1,952,3441,1941,360
Townhouse,Washington,20002,585000,2,2.5,1020,1180,1939,574
Condo/Co-op,Washington,20002,439000,2,2,856,,2015,513
Condo/Co-op,Washington,20010,386000,2,1,707,,1950,546
Condo/Co-op,Washington,20009,415000,1,1,800,,1917,519
Condo/Co-op,Washington,20016,307500,1,1,850,,1964,362
Condo/Co-op,Washington,20001,399999,1,1,744,,2004,538
Condo/Co-op,Washington,20024,245000,0,1,517,,1959,474
Condo/Co-op,Washington,20009,215000,1,1,690,,1909,312
Condo/Co-op,Washington,20007,280000,1,1,740,,1942,378
Townhouse,Washington,20007,1825000,4,3.5,2654,1064,1985,688
Condo/Co-op,Washington,20002,245500,0,1,445,,1900,552
Townhouse,Washington,20037,850000,2,1.5,1126,575,1900,755
Townhouse,Washington,20019,450000,3,2,1556,2633,1947,289
Multi-Family (2-4 Unit),Washington,20002,630000,,,1184,1200,1952,532
Condo/Co-op,Washington,20002,289000,2,2,650,,1942,445
Condo/Co-op,Washington,20037,270000,1,1,824,,1956,328
Condo/Co-op,Washington,20009,320500,1,1,472,,1942,679
Condo/Co-op,Washington,20010,434000,1,1,585,,1918,742
Parking,Washington,20010,348000,,,,,,
Multi-Family (5+ Unit),Washington,20020,1950000,,,10956,9264,1953,178
Multi-Family (5+ Unit),Washington,20008,3650000,12,13.5,7098,2870,1922,514
Condo/Co-op,Washington,20024,2095000,2,2.5,1585,,2022,1322
Single Family Residential,Washington,20016,2565000,4,3.5,2300,4740,1925,1115
Townhouse,Washington,20009,1775000,3,1,1194,1517,1870,1487
Single Family Residential,Washington,20016,1800000,4,4,1792,15949,1951,1004
Condo/Co-op,Washington,20011,185000,1,1,381,,1942,486
Multi-Family (2-4 Unit),Washington,20019,1400000,,,,3500,1955,
Townhouse,Washington,20032,222000,3,1,1152,2160,1951,193
Single Family Residential,Washington,20017,533000,5,2.5,2586,23490,1934,206
Condo/Co-op,Washington,20020,100000,2,1,752,,1936,133
Condo/Co-op,Washington,20007,543250,1,2,595,,1940,913
Townhouse,Washington,20020,140300,0,1,1373,,2022,102
Condo/Co-op,Washington,20020,165000,1,1,624,,1940,264
Condo/Co-op,Washington,20009,370000,1,1,673,,1920,550
Townhouse,Washington,20003,400000,2,1,1583,2358,1880,253
Townhouse,Washington,20001,662830,2,1,966,555,1890,686
Townhouse,Washington,20002,550000,3,1,1542,3634,1900,357
Condo/Co-op,Washington,20007,1225000,2,2,1581,429,1980,775
Townhouse,Washington,20011,1315000,0,,1720,2708,1915,765
Condo/Co-op,Washington,20007,940000,3,2,1098,,2022,856
Townhouse,Washington,20011,710000,3,1,1951,2850,1913,364
Condo/Co-op,Washington,20008,775000,2,2,1300,,1905,596
Townhouse,Washington,20007,1350000,3,1.5,1312,1800,1900,1029
Townhouse,Washington,20020,265000,3,2,1373,,2022,193
Townhouse,Washington,20010,620000,3,1.5,1488,2009,1920,417
Condo/Co-op,Washington,20024,2781300,3,3.5,1835,,2022,1516
Condo/Co-op,Washington,20008,485000,2,2,1385,,1967,350
Townhouse,Washington,20001,750000,5,2,2392,1773,1906,314
Single Family Residential,Washington,20019,189000,2,1,800,2143,1947,236
Condo/Co-op,Washington,20009,735000,2,2,1083,,2002,679
Condo/Co-op,Washington,20004,1250000,3,2,1499,,1991,834
Single Family Residential,Washington,20015,1450000,0,0.5,2214,4365,1941,655
Condo/Co-op,Washington,20002,350000,3,2.5,1594,,1909,220
Multi-Family (5+ Unit),Washington,20002,2000000,,,5766,4993,1966,347
Condo/Co-op,Washington,20007,540000,1,1.5,533,,1820,1013
Single Family Residential,Washington,20016,2050000,4,3.5,1726,3745,1927,1188
Parking,Washington,20009,22000,,,,,,
Single Family Residential,Washington,20016,1225000,3,3,1886,2285,1924,650
Multi-Family (5+ Unit),Washington,20032,1750000,,,10647,8692,1953,164
Vacant Land,Washington,20032,158370,,,,5459,,
Condo/Co-op,Washington,20024,170000,,1,466,,1965,365
Single Family Residential,Washington,20007,800000,3,2,1920,2355,1928,417
Multi-Family (2-4 Unit),Washington,20019,460000,3,3,1440,3500,1950,319
Condo/Co-op,Washington,20009,527000,2,2,806,,1915,654
Parking,Washington,20009,50000,,,,,,
Townhouse,Washington,20007,2695000,4,3.5,2777,2064,1905,970
Single Family Residential,Washington,20016,2050000,5,4.5,3634,7540,1997,564
Single Family Residential,Washington,20016,4300000,6,5.5,8410,10751,2012,511
Single Family Residential,Washington,20016,1750000,5,4.5,3204,9750,1934,546
Condo/Co-op,Washington,20012,495000,1,1,659,,2020,751
Single Family Residential,Washington,20012,1350000,5,3,2880,9451,1952,469
Townhouse,Washington,20020,175000,3,1,1144,1171,1951,153
Multi-Family (2-4 Unit),Washington,20019,831000,4,4,3400,4284,1942,244
Townhouse,Washington,20020,350000,3,2,1373,,2022,255
Condo/Co-op,Washington,20016,759000,2,2.5,1756,,1966,432
Single Family Residential,Washington,20019,221000,2,1,800,2232,1945,276
Townhouse,Washington,20020,265000,3,2.5,1112,,2022,238
Vacant Land,Washington,20018,350000,,,,4496,,
Single Family Residential,Washington,20016,2750000,5,4.5,3900,9685,1951,705
Condo/Co-op,Washington,20009,750000,2,2,1353,,1912,554
Single Family Residential,Washington,20015,900000,3,1.5,2175,5000,1930,414
Condo/Co-op,Alexandria,22314,560000,2,2,1168,,1970,479
Condo/Co-op,Washington,20007,460000,2,1,795,1000,2022,579
Single Family Residential,Washington,20016,1150000,4,2,1855,6250,1950,620
Condo/Co-op,Washington,20009,626500,1,1,758,,1978,827
Townhouse,Washington,20020,448900,4,3.5,2384,1781,2022,188
Condo/Co-op,Washington,20009,250000,1,1,401,,1962,623
Multi-Family (5+ Unit),Washington,20002,1200000,,,4047,2343,1940,297
Condo/Co-op,Washington,20005,655000,1,2,666,,2008,983
Townhouse,Washington,20020,350000,3,2,1373,,2022,255
Single Family Residential,Washington,20007,7400000,4,6,3630,2640,1900,2039
Single Family Residential,Washington,20017,433000,3,2,1400,4938,1948,309
Multi-Family (2-4 Unit),Washington,20019,590000,8,4,2442,4000,1953,242
Townhouse,Washington,20024,650000,2,2,1120,1212,1941,580
Condo/Co-op,Washington,20016,285000,1,1,630,,1937,452
Condo/Co-op,Washington,20016,580000,2,1,1350,,1931,430
Single Family Residential,Washington,20032,420000,2,1,928,1956,1951,453
Condo/Co-op,Washington,20024,3975900,3,3.5,2485,,2022,1600
Condo/Co-op,Washington,20009,700000,1,2,1194,,2005,586
Multi-Family (2-4 Unit),Washington,20015,474000,4,4,2608,2684,1937,182
Townhouse,Washington,20002,700000,2,2,993,,1900,705
Townhouse,Alexandria,22314,1250000,3,4,1934,792,1999,646
Condo/Co-op,Washington,20001,217500,,1,278,,1950,782
Condo/Co-op,Washington,20007,175000,1,1,415,,1963,422
Townhouse,Washington,20010,853000,3,3,1550,,2015,550
Townhouse,Washington,20003,1050000,6,5,2658,1575,1900,395
Single Family Residential,Washington,20007,2995000,4,3,3762,4208,1980,796
Single Family Residential,Washington,20007,990000,3,2,2425,2250,1924,408
Condo/Co-op,Washington,20008,715000,2,2,1426,1426,1929,501
Condo/Co-op,Washington,20020,185000,2,1,820,,1940,226
Condo/Co-op,Washington,20020,120000,2,1,787,,1936,152
Single Family Residential,Washington,20016,2150000,0,0.5,2921,11674,1941,736
Single Family Residential,Washington,20015,1100000,4,2.5,2366,6500,1924,465
Townhouse,Washington,20011,783656,3,3,,820,2022,
Multi-Family (2-4 Unit),Washington,20009,795000,4,2.5,1802,2332,1912,441
Condo/Co-op,Washington,20024,896300,1,1.5,800,,2022,1120
Townhouse,Washington,20032,305000,3,1.5,1224,1422,1977,249
Single Family Residential,Washington,20008,4750000,4,3,3600,15311,1890,1319
Condo/Co-op,Washington,20005,717500,2,2.5,1142,,2003,628
Townhouse,Washington,20003,700000,3,1,1280,1634,1925,547
Single Family Residential,Washington,20015,3300000,6,5.5,4817,6750,1929,685
Townhouse,Washington,20009,896907,2,2,904,,1900,992
Townhouse,Washington,20001,725000,3,2.5,1816,1500,1895,399
Condo/Co-op,Washington,20007,355000,1,1,633,,1936,561
Condo/Co-op,Washington,20007,350000,1,1,530,,1900,660
Single Family Residential,Washington,20011,725000,3,2.5,1844,6039,2007,393
Multi-Family (2-4 Unit),Washington,20019,1400000,,,,3500,1955,
Single Family Residential,Washington,20011,2275000,5,5,2738,7065,1925,831
Condo/Co-op,Washington,20015,168000,1,1,504,,1957,333
Condo/Co-op,Temple Hills,20748,45000,,,499,,2000,90
Condo/Co-op,Alexandria,22314,264000,1,1,605,,1968,436
Single Family Residential,Washington,20008,9650000,7,6.5,7320,12865,1929,1318
Townhouse,Washington,20002,1200000,3,2.5,2450,1796,1890,490
Condo/Co-op,Washington,20020,53370,2,1,852,,1963,63
Multi-Family (2-4 Unit),Washington,20002,289000,6,6,3280,1520,1942,88
Townhouse,Washington,20011,1050000,4,3,2050,,1920,512
Townhouse,Washington,20001,880000,3,2.5,1396,864,1900,630
Condo/Co-op,Washington,20036,450000,1,1,765,,1968,588
Single Family Residential,Washington,20019,799900,4,5,1786,2797,1906,448
Single Family Residential,Washington,20008,1836000,4,3.5,3908,11987,1977,470
Condo/Co-op,Washington,20024,265000,0,1,445,,1959,596
Condo/Co-op,Washington,20002,689900,2,2,945,,2021,730
Condo/Co-op,Washington,20016,330000,1,1,715,,1937,462
Single Family Residential,Chevy Chase,20815,1600000,3,3,1801,10038,1931,888
Condo/Co-op,Washington,20024,459000,2,1,1144,,1967,401
Single Family Residential,Washington,20008,2000000,6,6,4451,8990,1942,449
Townhouse,Washington,20001,614000,3,1,918,834,1913,669
Single Family Residential,Capitol Heights,20743,158500,3,1.5,1316,5700,1910,120
Single Family Residential,Washington,20016,1400000,4,2,1606,7750,1922,872
Townhouse,Washington,20019,499990,3,2.5,1326,2079,1950,377
Single Family Residential,Washington,20008,1750000,4,3.5,3693,4296,1922,474
Single Family Residential,Washington,20001,1435000,1,1.5,1591,,1905,902
Condo/Co-op,Washington,20008,569000,2,2,1389,,1966,410
Condo/Co-op,Washington,20036,420000,1,1,711,,1962,591
Condo/Co-op,Washington,20007,420000,1,1,625,,1984,672
Townhouse,Washington,20008,1540000,4,3.5,2765,4557,1922,557
Townhouse,Washington,20019,325000,2,1.5,1478,2875,1937,220
Condo/Co-op,Washington,20009,457500,2,1,912,,1917,502
Townhouse,Washington,20001,1000000,3,2.5,1450,1650,1900,690
Single Family Residential,Washington,20020,674990,5,3,2740,5500,1940,246
Condo/Co-op,Washington,20005,1390000,2,2,1197,,2008,1161
Single Family Residential,Washington,20009,749000,2,1.5,1325,,1911,565
Townhouse,Washington,20002,1000000,3,2.5,2072,1549,1912,483
Townhouse,Washington,20007,1125000,1,1,1444,1433,1900,779
Condo/Co-op,Washington,20009,309000,1,2,717,,1926,431
Townhouse,Washington,20001,1035000,4,3,1984,1012,1900,522
Single Family Residential,Washington,20015,1333325,4,2.5,1792,9867,1941,744
Townhouse,Washington,20007,1400000,2,2,1236,2286,1885,1133
Condo/Co-op,Washington,20024,675000,2,2,1244,,1965,543
Single Family Residential,Washington,20016,3650000,8,4.5,5400,6917,1916,676
Townhouse,Washington,20003,1310000,4,3,2048,1321,1840,640
Condo/Co-op,Washington,20032,234000,3,3,1739,,1978,135
Condo/Co-op,Washington,20036,300000,1,1,493,,1891,609
Townhouse,Washington,20002,1510000,5,3.5,2662,1620,1890,567
Townhouse,Washington,20003,960000,3,2.5,1726,917,1908,556
Townhouse,Washington,20007,1595000,4,3.5,2490,2500,1926,641
Townhouse,Washington,20010,1250000,4,3.5,2127,1650,1909,588
Townhouse,Washington,20002,756500,3,2.5,1530,1468,1925,494
Single Family Residential,Washington,20015,1154000,3,3.5,2677,6250,1947,431
Townhouse,Washington,20003,1900000,4,2,2690,3076,1890,706
Single Family Residential,Washington,20016,2230000,4,4.5,4150,7402,1941,537
Townhouse,Washington,20009,1495000,4,3,2138,2233,1917,699
Townhouse,Washington,20016,1117595,3,2.5,1104,3230,1940,1012
Condo/Co-op,Washington,20001,395000,1,1,646,,2000,611
Single Family Residential,Washington,20015,1800000,6,5,4300,6131,1951,419
Condo/Co-op,Washington,20003,742000,2,2,1065,,2009,697
Townhouse,Washington,20007,1450000,2,2.5,1278,892,1900,1135
Townhouse,Washington,20008,1150000,3,2.5,2190,3100,1948,525
Townhouse,Washington,20011,1100000,5,3.5,2916,1150,1917,377
Townhouse,Washington,20008,1100000,5,3,2970,3488,1906,370
Condo/Co-op,Washington,20020,140000,2,1,575,,1940,243
Condo/Co-op,Washington,20020,125000,2,1,775,,1952,161
Townhouse,Washington,20010,1520000,4,3.5,2861,2205,1913,531
Townhouse,Washington,20002,699000,3,1.5,1184,1891,1938,590
Single Family Residential,Chevy Chase,20815,1460000,3,3,1752,8750,1952,833
Townhouse,Washington,20002,1115000,4,3,2440,1000,1910,457
Townhouse,Washington,20010,1350000,4,3.5,2350,1820,1912,574
Townhouse,Washington,20011,1210000,4,3,2948,3192,1921,410
Townhouse,Washington,20015,1180000,3,3.5,2250,2795,1959,524
Single Family Residential,Washington,20016,1600000,3,3.5,2704,4400,1935,592
Single Family Residential,Washington,20015,1220000,4,2,2173,4269,1956,561
Townhouse,Washington,20009,500000,2,2,1151,,1925,434
Condo/Co-op,Alexandria,22314,260000,1,1,605,,1970,430
Condo/Co-op,Washington,20007,569000,4,2,1467,,1967,388
Townhouse,Washington,20001,940000,3,3.5,2227,474,1900,422
Single Family Residential,Washington,20008,1405000,4,3.5,3344,6958,1929,420
Townhouse,Washington,20011,1000000,4,3.5,2230,1967,1929,448
Condo/Co-op,Washington,20024,208000,0,1,580,,1966,359
Condo/Co-op,Washington,20020,180000,2,1,625,,1940,288
Townhouse,Washington,20019,399999,2,2,1248,2904,1950,321
Single Family Residential,Washington,20015,1150000,4,2,1629,4950,1938,706
Single Family Residential,Washington,20015,1151000,4,2.5,2712,6730,1926,424
Condo/Co-op,Washington,20009,1699999,4,3,2815,,2005,604
Townhouse,Washington,20007,1600000,4,4.5,3213,2441,1989,498
Townhouse,Washington,20001,660000,3,1.5,2052,825,1916,322
Condo/Co-op,Washington,20037,547500,1,1,705,,1989,777
Townhouse,Washington,20019,415000,4,2,1548,2500,1920,268
Single Family Residential,Washington,20020,400000,3,3.5,1200,3335,1999,333
Townhouse,Washington,20001,810000,3,3.5,1900,1499,1895,426
Single Family Residential,Washington,20016,1967500,4,3.5,3906,6486,1986,504
Single Family Residential,Washington,20016,2050000,6,3.5,3510,5196,1937,584
Townhouse,Washington,20016,725000,2,2.5,1184,698,1988,612
Townhouse,Washington,20019,600000,5,3.5,2646,3112,2022,227
Townhouse,Washington,20007,1157500,3,2,1670,1334,1938,693
Townhouse,Washington,20015,1085000,3,3.5,2340,2347,1925,464
Condo/Co-op,Washington,20009,432000,1,1,558,,1895,774
Townhouse,Washington,20005,660000,2,2.5,980,,1900,673
Townhouse,Washington,20019,228000,2,2,1184,1774,1952,193
Condo/Co-op,Washington,20003,1112500,2,2,2101,,1906,530
Single Family Residential,Washington,20016,1527000,4,3.5,2046,4620,1939,746
Single Family Residential,Washington,20011,1336000,5,2.5,2767,3585,1912,483
Townhouse,Washington,20032,414000,3,3.5,1280,1820,2001,323
Townhouse,Washington,20016,1650000,4,3.5,2688,4650,1923,614
Townhouse,Washington,20002,199900,1,1,,,2022,
Townhouse,Washington,20011,775000,4,3.5,2238,1476,1929,346
Condo/Co-op,Washington,20009,616999,2,1,920,,1910,671
Single Family Residential,Washington,20015,1267000,3,3.5,2258,5300,1951,561
Single Family Residential,Washington,20007,1820000,5,4,3667,9075,1957,496
Townhouse,Washington,20007,1435000,7,3,4686,1665,1900,306
Condo/Co-op,Washington,20008,535000,2,2,1207,,1964,443
Single Family Residential,Washington,20016,1275000,3,2,2100,5913,1940,607
Townhouse,Washington,20009,800000,3,2,2360,,1917,339
Condo/Co-op,Washington,20008,510000,2,1,1160,,1928,440
Townhouse,Washington,20002,1275000,4,3.5,2205,1851,1911,578
Single Family Residential,Washington,20015,1205000,3,3,2707,5199,1957,445
Condo/Co-op,Washington,20009,556500,2,2,1200,,1949,464
Single Family Residential,Washington,20016,1825000,6,3.5,2754,10000,1911,663
Townhouse,Washington,20003,668000,2,1,780,939,1900,856
Townhouse,Washington,20007,1465000,3,3.5,2330,2829,1924,629
Townhouse,Washington,20008,1186000,4,3.5,2069,4235,1953,573
Single Family Residential,Washington,20016,1556000,4,3.5,2611,4950,1938,596
Single Family Residential,Washington,20015,1650000,4,3.5,2515,5218,1930,656
Single Family Residential,Chevy Chase,20815,2000000,5,4,3538,10045,1928,565
Single Family Residential,Washington,20008,2600000,6,4.5,4285,10861,1942,607
Condo/Co-op,Washington,20017,494900,2,1,,,2022,
Townhouse,Washington,20017,1025000,4,3.5,2160,978,2011,475
Condo/Co-op,Alexandria,22314,629900,2,2,1168,,1970,539
Townhouse,Washington,20011,585000,3,3.5,1710,2466,1936,342
Multi-Family (2-4 Unit),Washington,20002,460000,,,1120,1105,1949,411
Single Family Residential,Chevy Chase,20815,1460000,4,4,2900,8638,1948,503
Townhouse,Washington,20019,310000,2,1,1246,1899,1939,249
Condo/Co-op,Washington,20005,140000,0,1,392,,1964,357
Townhouse,Washington,20010,1625000,5,4.5,3537,1558,1912,459
Condo/Co-op,Washington,20002,287500,1,1,566,,2020,508
Townhouse,Washington,20011,915000,4,2.5,2867,4780,1928,319
Townhouse,Washington,20017,435000,2,2,1596,2976,1940,273
Townhouse,Washington,20019,290000,2,1.5,1248,2023,1939,232
Townhouse,Washington,20010,735000,4,2,1692,1512,1910,434
Townhouse,Washington,20007,1060000,3,2.5,2084,2880,1936,509
Condo/Co-op,Washington,20015,830000,3,3.5,1637,,1924,507
Townhouse,Washington,20020,418000,3,2,1286,1962,1939,325
Townhouse,Washington,20002,680000,4,1,1374,1710,1928,495
Townhouse,Washington,20024,1165000,4,3.5,2096,927,2001,556
Condo/Co-op,Washington,20037,758500,3,2,1146,,1893,662
Townhouse,Washington,20007,985000,4,2,1564,3675,1926,630
Townhouse,Washington,20009,626500,1,1,758,,1978,827
Single Family Residential,Washington,20016,1500000,3,3.5,2227,5750,1927,674
Townhouse,Washington,20001,1950000,5,5.5,3465,1564,1920,563
Townhouse,Washington,20017,791000,4,3.5,1620,2117,1952,488
Townhouse,Washington,20002,700000,3,1,1424,2501,1915,492
Condo/Co-op,Washington,20009,1289000,2,2,1500,,1911,859
Townhouse,Washington,20001,1055500,4,3.5,1986,1149,1909,531
Single Family Residential,Washington,20008,3500000,5,5.5,5090,6064,1909,688
Townhouse,Washington,20011,505000,3,2.5,2100,3563,1936,240
Single Family Residential,Washington,20016,1650000,6,4,2915,10914,1955,566
Townhouse,Washington,20011,450000,3,2,1674,1913,1940,269
Townhouse,Washington,20018,570000,2,3,1600,1249,2014,356
Townhouse,Washington,20032,306000,3,1.5,1830,3750,1966,167
Townhouse,Washington,20001,725000,5,2,1863,1740,1906,389
Condo/Co-op,Washington,20011,373900,2,1,780,,1931,479
Townhouse,Washington,20009,1310000,2,2.5,1740,1517,1870,753
Townhouse,Washington,20017,515000,2,2,1216,1642,1949,424
Townhouse,Washington,20008,2250000,4,2.5,3767,1725,1910,597
Condo/Co-op,Washington,20008,720000,2,2,1015,,2002,709
Condo/Co-op,Washington,20009,430000,1,1,527,,2009,816
Single Family Residential,Washington,20016,1200000,4,2,2039,5175,1908,589
Townhouse,Washington,20002,755000,3,1,1722,1500,1900,438
Townhouse,Washington,20009,1250000,4,3.5,2079,2855,1917,601
Condo/Co-op,Washington,20003,345500,2,1,464,,2022,745
Single Family Residential,Washington,20011,1525000,4,3.5,3800,4667,1922,401
Townhouse,Washington,20002,500000,3,1.5,1764,1523,1925,283
Townhouse,Washington,20003,2150000,4,3.5,2731,2560,1900,787
Single Family Residential,Washington,20016,1527777,4,3.5,3033,5499,1941,504
Condo/Co-op,Washington,20008,340000,2,1,850,,1927,400
Single Family Residential,Washington,20016,1370000,4,4,2541,6135,1968,539
Single Family Residential,Washington,20015,1610000,4,4,3900,9760,1936,413
Condo/Co-op,Washington,20005,540000,1,1,833,,1998,648
Condo/Co-op,Washington,20009,720000,2,2,1098,,1901,656
Condo/Co-op,Washington,20016,620000,3,2,1814,,1960,342
Condo/Co-op,Washington,20036,365000,1,1,711,,1900,513
Townhouse,Washington,20003,780000,2,2,1300,810,1912,600
Townhouse,Washington,20017,1130000,6,4.5,3500,3750,1905,323
Condo/Co-op,Washington,20001,939000,2,2,1256,,2006,748
Townhouse,Washington,20024,1000000,4,3.5,3008,,1965,332
Townhouse,Washington,20010,999000,4,3.5,1995,1562,1925,501
Condo/Co-op,Washington,20008,891000,2,2,1400,,1927,636
Townhouse,Washington,20020,305000,1,3,1422,2319,1947,214
Condo/Co-op,Washington,20002,280000,1,1,547,,2021,512
Condo/Co-op,Washington,20001,385000,1,1,1095,336,1900,352
Townhouse,Alexandria,22314,1475000,3,4.5,3060,1616,1995,482
Townhouse,Washington,20011,945000,4,3.5,2280,1600,1915,414
Townhouse,Washington,20011,710000,4,2,2100,2940,1910,338
Condo/Co-op,Washington,20036,240000,1,1,516,,1891,465
Townhouse,Washington,20003,2390000,5,4.5,3522,2565,2019,679
Townhouse,Washington,20009,1475000,4,3.5,2924,2237,1916,504
Parking,Washington,20020,12000,0,,,,1940,
Townhouse,Washington,20003,960000,2,2.5,1295,891,1907,741
Condo/Co-op,Washington,20016,264999,1,1,643,,1960,412
Condo/Co-op,Washington,20008,399000,1,1,1133,,1920,352
Single Family Residential,Washington,20018,1070000,4,3.5,2406,3936,1923,445
Condo/Co-op,Washington,20002,649900,2,2,1006,,1920,646
Townhouse,Washington,20010,455000,3,1.5,1210,945,1913,376
Townhouse,Washington,20001,700000,3,2,1772,2203,1905,395
Single Family Residential,Nashville,37214,219000,1,1,936,8276,1985,234
Single Family Residential,Nashville,37217,294000,3,2.5,2225,10890,1977,132
Single Family Residential,Nashville,37212,750000,3,3,1777,7840,1936,422
Condo/Co-op,Nashville,37214,295000,2,2,1280,1306,1986,230
Other,Antioch,37013,200000,2,2,1134,6534,1984,176
Single Family Residential,Nashville,37206,600000,3,2,1825,10454,1930,329
Single Family Residential,Madison,37115,284320,3,1.5,1121,14810,1968,254
Single Family Residential,Antioch,37013,274900,3,2,1074,6969,1985,256
Single Family Residential,Nashville,37212,635000,2,2,1880,2178,2006,338
Single Family Residential,Antioch,37013,349000,3,2,1839,6534,1994,190
Single Family Residential,Nashville,37207,415000,4,2,1890,36590,1950,220
Condo/Co-op,Nashville,37218,420000,2,2.5,1470,11325,2020,286
Townhouse,Nashville,37211,297000,2,2.5,1236,435,2005,240
Single Family Residential,Nashville,37218,339000,3,2,1232,8712,1969,275
Single Family Residential,Antioch,37013,439900,4,3,2221,9147,2017,198
Single Family Residential,Brentwood,37027,525000,3,2.5,2688,6534,2015,195
Single Family Residential,Nashville,37207,403900,3,2,1543,12196,1950,262
Single Family Residential,Nashville,37205,558000,4,2.5,1980,22651,1976,282
Single Family Residential,Joelton,37080,769900,4,3.5,3850,331056,1991,200
Condo/Co-op,Hermitage,37076,588026,3,3,2661,13939,2022,221
Single Family Residential,Brentwood,37027,320000,3,2,1958,10454,1988,163
Townhouse,Brentwood,37027,419900,2,3.5,1692,1306,2022,248
Single Family Residential,Nashville,37203,3709000,3,3.5,3410,,2020,1088
Single Family Residential,Antioch,37013,419890,3,2.5,2175,,2022,193
Single Family Residential,Nashville,37209,700000,3,4,3658,152895,2001,191
Condo/Co-op,Hermitage,37076,505000,3,3,2839,2178,2006,178
Single Family Residential,Nashville,37203,1097000,2,2.5,1289,,2021,851
Single Family Residential,Brentwood,37027,940000,3,2.5,2965,6534,1988,317
Single Family Residential,Nashville,37207,517560,5,3,2352,5227,2022,220
Single Family Residential,Madison,37115,350000,3,2,2047,39640,1965,171
Condo/Co-op,Nashville,37209,364900,1,1,705,,2022,518
Single Family Residential,Nashville,37203,1098230,2,2.5,1289,,2021,852
Condo/Co-op,Nashville,37221,192000,2,1,916,,1982,210
Single Family Residential,Nashville,37220,2450000,5,5.5,5611,2613,2020,437
Condo/Co-op,Nashville,37215,1600000,4,3.5,3496,,2016,458
Single Family Residential,Nashville,37206,475000,4,2,1856,11761,1945,256
Single Family Residential,Nashville,37203,1030000,1,1.5,997,,2020,1033
Single Family Residential,Nashville,37203,1040375,2,2.5,1323,,2020,786
Single Family Residential,Hermitage,37076,651297,3,2.5,2417,,2022,269
Condo/Co-op,Nashville,37214,211150,2,2,1242,3049,1987,170
Single Family Residential,Nashville,37209,825000,4,3,2697,9147,2022,306
Multi-Family (2-4 Unit),Nashville,37204,600417,4,2,2054,11326,1969,292
Townhouse,Nashville,37207,363770,3,2.5,1400,5227,2022,260
Single Family Residential,Nashville,37209,2075000,4,4,3522,7840,2022,589
Single Family Residential,Hermitage,37076,572965,3,3,2805,,2022,204
Single Family Residential,Madison,37115,525000,4,3,2268,13503,2022,231
Multi-Family (2-4 Unit),Madison,37115,300000,4,2,1458,24829,1959,206
Single Family Residential,Nashville,37212,3790000,4,6,4877,10454,1900,777
Condo/Co-op,Nashville,37215,2900000,5,3.5,4380,,2005,662
Single Family Residential,Nashville,37218,170000,3,2.5,1950,9148,1961,87
Single Family Residential,Nashville,37215,2150000,4,4.5,7611,116740,1984,282
Single Family Residential,Nashville,37203,949000,2,2,1315,,2020,722
Single Family Residential,Antioch,37013,498610,4,2.5,2565,,2021,194
Condo/Co-op,Nashville,37209,699900,3,3.5,1954,,2021,358
Single Family Residential,Nashville,37214,801014,4,4,3339,7840,2022,240
Townhouse,Nashville,37207,368590,3,2.5,1400,5227,2022,263
Townhouse,Old Hickory,37138,289900,2,2.5,1177,,2020,246
Single Family Residential,Nashville,37206,349000,2,1,960,7405,1925,364
Single Family Residential,Nashville,37208,669900,3,3,2084,5662,2022,321
Single Family Residential,Nashville,37211,85000,2,1,874,871,1965,97
Single Family Residential,Nashville,37207,225000,3,2,1048,10454,1985,215
Single Family Residential,Nashville,37203,992000,2,2.5,1289,,2021,770
Single Family Residential,Hermitage,37076,498790,3,2,1897,,2022,263
Condo/Co-op,Nashville,37203,485900,1,1,916,,2022,530
Single Family Residential,Nashville,37218,675000,4,2.5,3039,11761,2006,222
Single Family Residential,Nashville,37203,1940000,3,3.5,1951,,2020,994
Single Family Residential,Antioch,37013,444125,3,2.5,1979,,2022,224
Single Family Residential,Nolensville,37135,655000,4,2.5,3350,10890,2007,196
Single Family Residential,Nashville,37203,3359000,3,3.5,3120,,2020,1077
Single Family Residential,Nashville,37203,1095000,2,2.5,1323,,2020,828
Single Family Residential,Nashville,37203,1007000,2,2.5,1412,,2020,713
Single Family Residential,Brentwood,37027,622075,4,3,2708,7405,2022,230
Single Family Residential,Antioch,37013,501260,4,2.5,2565,,2021,195
Townhouse,Antioch,37013,500725,4,3.5,2089,2178,2022,240
Single Family Residential,Antioch,37013,457000,3,2.5,2166,6098,2020,211
Single Family Residential,Nashville,37210,850000,4,3,2652,16117,2022,321
Single Family Residential,Nashville,37214,530000,3,2.5,1955,871,2021,271
Single Family Residential,Nashville,37203,1067000,2,2.5,1289,,2021,828
Townhouse,Nashville,37207,409090,3,2.5,1601,5227,2022,256
Townhouse,Nashville,37207,304990,3,2.5,1400,5227,2022,218
Single Family Residential,Madison,37115,205000,3,1,1044,13068,1970,196
Single Family Residential,Nashville,37210,330000,4,2,1313,5227,1965,251
Single Family Residential,Nashville,37209,650000,3,2.5,2019,3920,2014,322
Townhouse,Nashville,37207,370270,3,2.5,1400,5227,2022,264
Single Family Residential,Hermitage,37076,652663,4,3,2550,,2022,256
Single Family Residential,Nashville,37203,2080750,3,3.5,1951,,2020,1067
Single Family Residential,Nashville,37212,1550000,4,3.5,3184,6970,2014,487
Single Family Residential,Nashville,37207,975000,4,3,2713,7840,2022,359
Single Family Residential,Hermitage,37076,581440,3,3,2805,,2022,207
Single Family Residential,Hermitage,37076,325000,3,1.5,1375,13068,1965,236
Single Family Residential,Nashville,37203,1563000,3,3.5,1951,,2020,801
Single Family Residential,Nashville,37216,749996,3,2.5,2505,8276,2022,299
Single Family Residential,Nashville,37203,890155,2,2.5,1412,,2020,630
Condo/Co-op,Nashville,37221,240000,2,2.5,1292,,2001,186
Single Family Residential,Nashville,37203,1009000,2,2,1315,,2020,767
Single Family Residential,Nashville,37211,300000,4,1.5,1167,11761,1970,257
Single Family Residential,Nashville,37214,140000,2,1,792,9583,1953,177
Condo/Co-op,Nashville,37212,225000,1,1,600,435,1971,375
Single Family Residential,Nashville,37203,2633000,3,3.5,2858,,2020,921
Single Family Residential,Hermitage,37076,597140,3,3,2382,,2022,251
Single Family Residential,Nashville,37203,1265705,2,2.5,1289,,2021,982
Single Family Residential,Hermitage,37076,636251,3,2.5,2549,,2022,250
Single Family Residential,Brentwood,37027,572000,3,3,1966,1742,2006,291
Single Family Residential,Nashville,37201,4650000,3,3.5,2711,,2022,1715
Single Family Residential,Nashville,37203,917000,2,2.5,1289,,2021,711
Single Family Residential,Antioch,37013,413990,4,2.5,1680,,2021,246
Single Family Residential,Nashville,37203,892000,2,2.5,1412,,2020,632
Single Family Residential,Nashville,37217,280000,2,2.5,1200,435,2016,233
Single Family Residential,Nashville,37203,977000,2,2.5,1289,,2021,758
Townhouse,Antioch,37013,316805,3,2.5,1220,,2022,260
Single Family Residential,Antioch,37013,625777,3,3.5,2847,9147,2022,220
Single Family Residential,Antioch,37013,410000,4,2.5,1821,5227,2021,225
Single Family Residential,Nashville,37203,999000,2,2.5,1323,,2020,755
Townhouse,Old Hickory,37138,324900,3,2.5,1452,,2021,224
Townhouse,Hermitage,37076,344990,2,2.5,1209,,2022,285
Condo/Co-op,Antioch,37013,328950,3,3,1485,,2022,222
Single Family Residential,Nashville,37203,1067000,2,2.5,1289,,2021,828
Single Family Residential,Nashville,37203,2728000,3,3.5,2703,,2020,1009
Single Family Residential,Nashville,37216,540000,3,1,1352,23958,1950,399
Single Family Residential,Nashville,37207,440870,3,2,1420,5227,2022,310
Single Family Residential,Nashville,37214,844136,5,4,3295,7840,2022,256
Single Family Residential,Nashville,37203,1037000,2,2.5,1289,,2021,804
Single Family Residential,Nashville,37203,1143905,2,2.5,1289,,2021,887
Condo/Co-op,Nashville,37208,700000,2,1.5,1450,,2008,483
Single Family Residential,Nashville,37206,450000,3,1,1175,17859,1955,383
Single Family Residential,Nashville,37203,961205,2,2.5,1289,,2021,746
Single Family Residential,Nashville,37203,5100000,3,3,4455,,2020,1145
Single Family Residential,Nashville,37203,4050000,3,3.5,3455,,2020,1172
Single Family Residential,Nashville,37207,850000,3,2.5,2328,5227,2022,365
Single Family Residential,Nashville,37206,825000,4,3.5,2331,,2022,354
Single Family Residential,Nashville,37203,965000,2,2.5,1323,,2020,729
Condo/Co-op,Antioch,37013,314800,3,3,1485,,2022,212
Single Family Residential,Nashville,37209,375000,3,1,1,8276,1960,375000
Townhouse,Nashville,37209,426930,2,2.5,1209,,2022,353
Condo/Co-op,Nashville,37206,415900,1,1,655,8712,2022,635
Townhouse,Nashville,37207,360087,3,2.5,1400,5227,2022,257
Single Family Residential,Nashville,37203,919000,2,2,1315,,2020,699
Single Family Residential,Nashville,37205,2400000,6,5,4168,74052,1951,576
Single Family Residential,Nashville,37203,922000,2,2.5,1412,,2020,653
Single Family Residential,Nolensville,37135,699900,4,3,2668,10018,2022,262
Single Family Residential,Nashville,37203,907000,2,2.5,1412,,2020,642
Single Family Residential,Nashville,37203,1049000,2,2,1315,,2020,798
Single Family Residential,Nashville,37206,527000,2,1,1308,7840,1910,403
Condo/Co-op,Antioch,37013,312800,3,3,1485,,2022,211
Single Family Residential,Madison,37115,261000,2,1,925,13068,1955,282
Townhouse,Antioch,37013,324410,3,2.5,1220,,2022,266
Single Family Residential,Nashville,37215,1600000,4,3.5,4150,46173,1980,386
Single Family Residential,Nashville,37207,900000,4,3.5,2944,8276,2022,306
Single Family Residential,Nashville,37203,932000,2,2.5,1289,,2021,723
Single Family Residential,Nashville,37203,1668000,3,3.5,1951,,2020,855
Single Family Residential,Nashville,37203,1558000,3,3.5,1951,,2020,799
Townhouse,Nashville,37207,367590,3,2.5,2800,5227,2022,131
Townhouse,Nashville,37207,376090,3,2.5,1400,5227,2022,269
Vacant Land,Nashville,37221,105000,,,,7405,,
Single Family Residential,Antioch,37013,442990,3,2.5,2164,,2022,205
Single Family Residential,Nashville,37206,375000,2,1,630,8276,1951,595
Single Family Residential,Nashville,37221,603500,4,3.5,2480,,2022,243
Townhouse,Hermitage,37076,344935,2,2.5,1209,,2022,285
Single Family Residential,Nashville,37203,2505000,3,3.5,2858,,2020,876
Single Family Residential,Nashville,37203,3958000,3,3.5,3578,,2020,1106
Single Family Residential,Nashville,37203,1518000,3,3.5,1951,,2020,778
Single Family Residential,Nashville,37203,951055,2,2.5,1412,,2020,674
Single Family Residential,Nashville,37217,337500,3,2,2373,7405,2002,142
Single Family Residential,Nashville,37207,667000,3,2.5,1991,8712,1920,335
Single Family Residential,Nashville,37203,964000,2,2,1315,,2020,733
Single Family Residential,Nashville,37203,1708000,3,3.5,1951,,2020,875
Single Family Residential,Nashville,37203,1075000,2,2.5,1323,,2020,813
Single Family Residential,Nashville,37215,886000,2,2.5,2008,8712,1981,441
Single Family Residential,Nashville,37203,1488000,3,3.5,1951,,2020,763
Single Family Residential,Hermitage,37076,557640,3,3,2593,,2021,215
Single Family Residential,Nashville,37203,862000,2,2.5,1412,,2020,610
Single Family Residential,Madison,37115,235800,4,2,1800,11761,1965,131
Single Family Residential,Madison,37115,317500,3,1,1325,30056,1962,240
Townhouse,Brentwood,37027,424900,2,3.5,1692,1306,2022,251
Single Family Residential,Nashville,37203,1750000,3,3.5,1951,,2020,897
Single Family Residential,Nashville,37211,634462,4,4.5,3102,8276,2022,205
Single Family Residential,Nashville,37203,1880000,3,3.5,1951,,2020,964
Townhouse,Brentwood,37027,424900,2,3.5,1692,1306,2022,251
Townhouse,Brentwood,37027,436900,2,3.5,1810,1306,2021,241
Single Family Residential,Nashville,37218,1000000,3,3,2592,218235,1998,386
Single Family Residential,Nashville,37216,718000,3,2.5,2349,41382,1953,306
Single Family Residential,La Vergne,37086,566575,4,3.5,2660,,2022,213
Single Family Residential,Nashville,37208,700000,2,2,1286,6534,2011,544
Single Family Residential,Nashville,37207,899000,3,3.5,2300,,2023,391
Single Family Residential,Nashville,37203,1129000,2,2,1315,,2020,859
Single Family Residential,Nashville,37203,934000,2,2,1315,,2020,710
Single Family Residential,Nashville,37203,839000,2,2,1315,,2020,638
Single Family Residential,Nashville,37203,987000,2,2.5,1412,,2020,699
Townhouse,Antioch,37013,522000,3,3.5,2071,2613,2022,252
Single Family Residential,Nashville,37203,874000,2,2,1315,,2020,665
Single Family Residential,Nashville,37209,600000,3,2,1444,14810,1964,416
Single Family Residential,Nashville,37203,1910000,3,3.5,1951,,2020,979
Single Family Residential,Nashville,37207,475570,3,2.5,1749,9147,2022,272
Single Family Residential,Nashville,37207,446670,3,2,1420,5227,2022,315
Single Family Residential,Nashville,37211,325000,3,2,2165,30927,1950,150
Single Family Residential,Nashville,37208,679900,3,3,2084,5662,2022,326
Single Family Residential,Nashville,37203,1030000,2,2.5,1323,,2020,779
Townhouse,Antioch,37013,321555,3,2.5,1220,,2022,264
Mobile/Manufactured Home,La Vergne,37086,160000,3,2,1296,7405,1993,123
Single Family Residential,Hermitage,37076,620635,4,3,2410,,2022,258
Single Family Residential,Nashville,37210,305000,3,2,1466,22216,1950,208
Townhouse,Nashville,37209,413955,2,2.5,1209,,2022,342
Single Family Residential,Nashville,37204,907000,2,1,1562,21780,1950,581
Single Family Residential,Antioch,37013,487965,5,3,2282,,2022,214
Single Family Residential,Nashville,37204,1600000,4,3,4262,34412,1945,375
Single Family Residential,Nashville,37210,425000,1,1,950,,2019,447
Single Family Residential,Nashville,37203,1175000,2,2.5,1323,,2020,888
Single Family Residential,Nashville,37209,792000,5,4,3376,7840,1960,235
Single Family Residential,Nashville,37203,993685,2,2,1315,,2020,756
Single Family Residential,Nashville,37203,962000,2,2.5,1289,,2021,746
Single Family Residential,Nashville,37207,513070,5,3,2352,5227,2022,218
Townhouse,Nashville,37207,409090,3,2.5,1601,5227,2022,256
Single Family Residential,Nashville,37205,3425000,5,4.5,5237,31798,1988,654
Condo/Co-op,Nashville,37219,2300000,2,2.5,1767,,1998,1302
Single Family Residential,Old Hickory,37138,275000,3,1,884,3920,1927,311
Townhouse,Hermitage,37076,344190,2,2.5,1209,,2022,285
Single Family Residential,Nashville,37203,1022000,2,2.5,1289,,2021,793
Single Family Residential,Nashville,37204,1375000,5,4.5,3584,1742,2018,384
Single Family Residential,Hermitage,37076,478370,3,2.5,2143,3049,2022,223
Single Family Residential,Antioch,37013,502620,5,3,2565,,2021,196
Single Family Residential,Antioch,37013,310455,3,2.5,1220,,2022,254
Townhouse,Antioch,37013,484625,3,3,1789,1306,2022,271
Townhouse,Old Hickory,37138,289900,2,2.5,1134,,2021,256
Single Family Residential,Nashville,37209,516500,4,2,2099,13068,1956,246
Townhouse,Brentwood,37027,433900,2,3.5,1692,1306,2022,256
Single Family Residential,Nashville,37209,950000,3,2.5,2699,6098,2014,352
Single Family Residential,Nashville,37207,500770,4,2.5,2018,5227,2022,248
Single Family Residential,Nashville,37203,917560,2,2,1315,,2020,698
Single Family Residential,Antioch,37013,307500,4,2.5,1969,10019,2013,156
Townhouse,Brentwood,37027,424900,2,3.5,1692,1306,2022,251
Single Family Residential,Nashville,37203,952000,2,2.5,1412,,2020,674
Single Family Residential,Nashville,37203,799000,2,2,1315,,2020,608
Single Family Residential,Antioch,37013,414600,3,2.5,1679,,2022,247
Single Family Residential,Nashville,37203,1638000,3,3.5,1951,,2020,840
Single Family Residential,Hermitage,37076,573080,5,3,2412,6534,2022,238
Townhouse,Old Hickory,37138,324900,3,2.5,1452,,2021,224
Single Family Residential,Antioch,37013,439990,4,2.5,2282,,2022,193
Single Family Residential,Antioch,37013,453970,4,2.5,2099,,2022,216
Single Family Residential,Nashville,37203,1660000,3,3.5,1951,,2020,851
Single Family Residential,Nashville,37208,320000,2,2,1049,2178,1920,305
Single Family Residential,Nashville,37207,446405,3,2,1696,,2022,263
Mobile/Manufactured Home,Joelton,37080,175000,3,2,924,218671,1974,189
Single Family Residential,Nashville,37207,513570,5,3,2352,5227,2022,218
Single Family Residential,Nolensville,37135,462650,3,3.5,1959,,2021,236
Single Family Residential,Nashville,37214,362215,4,3.5,2410,7841,2017,150
Single Family Residential,Hermitage,37076,290000,3,2,1356,5227,1998,214
Single Family Residential,Hermitage,37076,590990,3,3,2382,,2022,248
Condo/Co-op,Nashville,37209,439903,2,2,1146,,2022,384
Single Family Residential,Madison,37115,308000,3,2,1343,7840,2005,229
Single Family Residential,Nashville,37203,1112000,2,2.5,1289,,2021,863
Condo/Co-op,Nashville,37203,425000,1,1,690,,1900,616
Single Family Residential,Nashville,37207,493260,4,2.5,2018,5227,2022,244
Single Family Residential,Nashville,37212,1062500,4,1,1914,7841,1899,555
Single Family Residential,Nashville,37204,766500,4,3,2313,13939,1948,331
Single Family Residential,Hermitage,37076,444940,3,2,1655,,2022,269
Condo/Co-op,Nashville,37217,210000,3,2,1234,,1979,170
Single Family Residential,Nashville,37203,1903000,3,3.5,1951,,2020,975
Single Family Residential,Nashville,37203,844000,2,2,1315,,2020,642
Single Family Residential,Nashville,37203,814000,2,2,1315,,2020,619
Single Family Residential,Nashville,37203,1052000,2,2.5,1289,,2021,816
Single Family Residential,Nashville,37216,826000,3,3,2326,60983,1949,355
Condo/Co-op,Nashville,37218,1200000,4,4.5,2446,,2022,491
Single Family Residential,Nashville,37215,3350000,5,5,5458,28314,1976,614
Single Family Residential,Nolensville,37135,500000,3,2.5,1768,4356,2022,283
Single Family Residential,Nashville,37209,1499000,4,5,3517,7405,1955,426
Single Family Residential,Nashville,37207,1100000,3,2,1344,816750,1945,818
Single Family Residential,La Vergne,37086,519450,4,4.5,2665,,2022,195
Condo/Co-op,Nashville,37218,421000,3,2.5,1575,871,2022,267
Single Family Residential,Hermitage,37076,455000,5,2.5,2981,13068,1972,153
Single Family Residential,Nashville,37203,1828000,3,3.5,1951,,2020,937
Single Family Residential,Nashville,37221,674248,4,3.5,2480,,2022,272
Single Family Residential,Hermitage,37076,576940,3,3,2382,6534,2023,242
Townhouse,Antioch,37013,299510,3,2.5,1220,,2022,246
Townhouse,Brentwood,37027,439900,2,3.5,1810,1306,2021,243
Single Family Residential,La Vergne,37086,550325,4,4.5,2665,,2022,207
Townhouse,Nashville,37207,369770,3,2.5,1400,5227,2022,264
Townhouse,Nashville,37207,374770,3,2.5,1400,5227,2022,268
Multi-Family (2-4 Unit),Nashville,37207,408000,4,2,1512,8712,1986,270
Single Family Residential,Nashville,37211,250000,2,1,696,11761,1940,359
Townhouse,Antioch,37013,279990,3,2.5,1220,,2022,230
Townhouse,Antioch,37013,517850,4,3.5,2071,1742,2022,250
Single Family Residential,Nashville,37204,875000,4,2,2089,22215,1950,419
Single Family Residential,Nashville,37217,252000,2,1,1125,28750,1951,224
Single Family Residential,Madison,37115,100000,2,1,930,6534,1984,108
Condo/Co-op,Nolensville,37135,314100,2,2,1156,9147,2022,272
Townhouse,Nashville,37207,359900,1,1.5,996,,2022,361
Single Family Residential,Nashville,37215,2700000,5,3.5,4116,54450,1940,656
Townhouse,Nashville,37207,359900,1,1.5,996,,2022,361
Single Family Residential,Nashville,37203,1200000,2,2.5,1412,9147,2022,850
Townhouse,Nolensville,37135,513375,3,3.5,2201,1306,2022,233
Townhouse,Antioch,37013,306470,3,2.5,1220,,2022,251
Vacant Land,Whites Creek,37189,1100000,,,,747054,,
Single Family Residential,Antioch,37013,188000,3,1.5,1550,14374,1963,121
Single Family Residential,Nashville,37203,1844000,2,2.5,1903,,2020,969
Single Family Residential,Nashville,37206,375000,4,2,1910,24393,1955,196
Single Family Residential,Nashville,37204,2490000,4,3,3494,1742,2012,713
Single Family Residential,Nashville,37203,2400000,3,3.5,1951,,2021,1230
Single Family Residential,Nashville,37221,647905,3,3.5,2480,,2022,261
Single Family Residential,Antioch,37013,260000,3,1.5,1288,10018,1986,202
Single Family Residential,Nashville,37216,260000,3,2,1556,23958,1930,167
Single Family Residential,Antioch,37013,469990,4,3,2282,,2022,206
Single Family Residential,Nashville,37203,1055600,2,2.5,1323,,2020,798
Townhouse,Nashville,37209,407095,2,2.5,1209,,2022,337
Single Family Residential,Nashville,37221,886000,4,3.5,3167,7840,1987,280
Single Family Residential,Antioch,37013,466355,3,2.5,1979,,2022,236
Townhouse,Nashville,37207,359900,1,1.5,996,,2022,361
Single Family Residential,Antioch,37013,244000,3,2,1181,9583,1991,207
Single Family Residential,Nashville,37205,8250000,6,5,8204,62290,1969,1006
Single Family Residential,Antioch,37013,468705,3,2.5,1979,,2022,237
Single Family Residential,Nashville,37207,942595,4,3.5,2585,7666,2022,365
Single Family Residential,Whites Creek,37189,665500,3,3,1920,238709,1987,347
Single Family Residential,Nashville,37209,650000,2,1,768,18295,1948,846
Single Family Residential,Nashville,37203,994000,2,2,1315,,2020,756
Condo/Co-op,Hermitage,37076,589828,3,3,2661,,2022,222
Single Family Residential,Nashville,37211,349000,3,1.5,1421,30927,1960,246
Single Family Residential,Nashville,37212,750000,4,4,2090,10019,1920,359
Townhouse,Antioch,37013,295000,3,2.5,1404,871,2020,210
Single Family Residential,Nashville,37205,364000,1,1,935,1742,1973,389
Townhouse,Nashville,37207,359900,1,1.5,996,,2022,361
Condo/Co-op,Antioch,37013,309990,3,3,1485,,2022,209
Other,Nashville,37217,135000,2,1.5,1024,7841,1984,132
Townhouse,Nashville,37209,420000,2,2.5,1209,,2022,347
Single Family Residential,Nashville,37215,2050000,3,3.5,3390,,2022,605
Single Family Residential,Antioch,37013,433730,4,3,1973,,2022,220
Single Family Residential,Nashville,37205,4407000,4,5,7000,50965,1966,630
Townhouse,Nashville,37207,359900,1,1.5,996,,2022,361
Condo/Co-op,Nashville,37218,369000,2,2.5,1250,871,2022,295
Condo/Co-op,Nashville,37209,375000,1,1,874,,2022,429
Single Family Residential,Nashville,37220,562000,3,2,1364,18295,1960,412
Single Family Residential,Hermitage,37076,595440,3,3,2805,,2021,212
Condo/Co-op,Nolensville,37135,319900,2,2,1085,,2022,295
Single Family Residential,Antioch,37013,467990,5,3,2511,,2022,186
Vacant Land,Nashville,37208,215000,,,,6969,,
Single Family Residential,Nashville,37221,555000,4,2.5,2422,10454,1993,229
Multi-Family (2-4 Unit),Hermitage,37076,293000,4,2,1518,7841,1983,193
Single Family Residential,Nashville,37205,1100000,3,2.5,2654,54014,1958,414
Single Family Residential,Nashville,37214,210000,2,1.5,1020,8276,1985,206
Single Family Residential,Nashville,37211,425000,3,1.5,1275,27878,1958,333
Single Family Residential,Nashville,37211,345000,3,1,950,14375,1956,363
Single Family Residential,Nashville,37211,613020,3,2,1560,12196,1961,393
Single Family Residential,Nashville,37220,680000,3,2.5,1931,14374,1960,352
Townhouse,Nashville,37207,359900,1,1.5,996,,2022,361
Single Family Residential,Nashville,37214,541000,3,2,1908,28750,1955,284
Single Family Residential,Nashville,37221,381000,2,2,1349,2178,1987,282
Single Family Residential,Nashville,37211,730000,3,1.5,2056,33977,1960,355
Single Family Residential,Nashville,37205,1250000,3,3,3008,42688,1951,416
Townhouse,Nashville,37209,354000,3,2.5,1302,871,2006,272
Multi-Family (2-4 Unit),Madison,37115,300000,4,2,1871,54885,1955,160
Single Family Residential,Antioch,37013,405000,3,2.5,1837,6534,2002,220
Single Family Residential,Antioch,37013,425000,4,2.5,1903,5662,2021,223
